doc_index,char_lev,char_lev_norm,word_lev,word_lev_norm,token_ratio,jaccard
0,1332,0.697,252,0.8344,0.2361,0.176
1,721,0.5838,156,0.7189,0.3799,0.2416
2,879,0.6873,176,0.8302,0.2295,0.1886
3,1100,0.6257,229,0.7387,0.3576,0.2673
4,803,0.6587,166,0.8513,0.2078,0.1758
5,1112,0.7083,232,0.8788,0.1165,0.09
6,559,0.589,110,0.7383,0.3669,0.2792
7,852,0.7332,186,0.8986,0.1258,0.1011
8,953,0.732,201,0.8933,0.1379,0.1383
9,583,0.6655,126,0.863,0.1532,0.1824
10,1439,0.7842,284,0.9467,0.0472,0.0792
11,816,0.6694,175,0.8454,0.2071,0.1548
12,776,0.7042,160,0.8556,0.2036,0.1882
13,1002,0.6992,209,0.8745,0.1232,0.1728
14,1670,0.7987,334,0.9051,0.1391,0.1167
15,1158,0.7899,233,0.9283,0.031,0.1183
16,1286,0.6801,255,0.8252,0.2789,0.1982
17,1033,0.8537,214,0.9683,0.0233,0.0606
18,1175,0.8429,187,0.974,0.0837,0.0599
19,803,0.6658,130,0.7784,0.3035,0.2576
20,726,0.7224,157,0.887,0.1382,0.1699
21,1457,0.6174,287,0.7321,0.3174,0.296
22,1155,0.7116,224,0.8358,0.2561,0.1842
23,762,0.7434,127,0.8355,0.2115,0.1875
24,894,0.7245,194,0.9194,0.1032,0.1105
25,1623,0.7591,346,0.9251,0.0984,0.1218
26,922,0.6948,178,0.8856,0.1865,0.2273
27,848,0.6855,174,0.8529,0.1608,0.2139
28,1090,0.7001,204,0.85,0.199,0.1478
29,1566,0.7791,304,0.9212,0.0831,0.0965
30,818,0.7144,172,0.8731,0.1929,0.1595
31,585,0.6263,114,0.7451,0.3373,0.2791
32,1022,0.7259,205,0.9031,0.1124,0.0773
33,904,0.784,181,0.9141,0.0923,0.1053
34,696,0.6686,146,0.8343,0.2336,0.2026
35,690,0.6222,151,0.7704,0.3374,0.2674
36,1064,0.6982,219,0.8264,0.2426,0.1818
37,649,0.6718,144,0.8521,0.1314,0.1447
38,714,0.7769,148,0.925,0.1161,0.125
39,1135,0.6736,225,0.8427,0.2087,0.19
40,688,0.6693,134,0.8221,0.2357,0.1769
41,644,0.7318,130,0.8725,0.1627,0.1732
42,660,0.6522,115,0.777,0.2784,0.28
43,751,0.7025,132,0.8462,0.2044,0.2256
44,2725,0.8447,465,0.9627,0.045,0.0806
45,628,0.7048,134,0.8758,0.1784,0.1324
46,804,0.7542,172,0.9198,0.0949,0.085
47,1069,0.6848,209,0.8427,0.198,0.1697
48,967,0.7992,190,0.9548,0.0403,0.0803
49,730,0.7411,145,0.9062,0.0519,0.1278
50,798,0.71,172,0.9005,0.1122,0.1488
51,972,0.5884,208,0.7123,0.3794,0.27
52,663,0.6878,139,0.858,0.1577,0.1173
53,883,0.6659,190,0.8636,0.1361,0.1421
54,1082,0.7421,209,0.897,0.1394,0.114
55,1087,0.7596,191,0.8565,0.194,0.2025
56,1145,0.6029,235,0.7209,0.2968,0.2864
57,1671,0.7361,330,0.9322,0.0593,0.085
58,695,0.6017,145,0.788,0.3111,0.2273
59,927,0.7706,198,0.9429,0.0956,0.0925
60,529,0.5376,104,0.638,0.4526,0.3643
61,837,0.7349,178,0.9271,0.1068,0.1364
62,689,0.7081,138,0.8679,0.2143,0.1538
63,735,0.7054,157,0.892,0.1476,0.1302
64,770,0.682,162,0.895,0.1127,0.141
65,1096,0.7486,222,0.9098,0.1033,0.1165
66,863,0.757,168,0.913,0.0952,0.1447
67,900,0.7311,209,0.933,0.0426,0.0816
68,1457,0.6733,293,0.7962,0.2715,0.2478
69,1080,0.7959,201,0.9393,0.065,0.0682
70,918,0.7714,164,0.948,0.0664,0.1046
71,519,0.6179,115,0.7877,0.3176,0.2623
72,910,0.7292,178,0.8945,0.1397,0.1701
73,718,0.7137,155,0.9281,0.087,0.1389
74,875,0.7178,178,0.89,0.1306,0.1053
75,665,0.7405,140,0.915,0.0727,0.1087
76,710,0.7482,137,0.8839,0.1308,0.1481
77,2443,0.7709,474,0.8994,0.1036,0.1366
78,1587,0.7772,303,0.9266,0.1116,0.109
79,1156,0.6772,242,0.8148,0.2494,0.2336
80,783,0.663,163,0.8446,0.2155,0.1782
81,1060,0.7507,235,0.9325,0.0456,0.1136
82,1489,0.7346,278,0.8939,0.1126,0.15
83,760,0.7677,159,0.9298,0.0448,0.0956
84,1106,0.7168,210,0.875,0.1908,0.1907
85,1441,0.7777,277,0.9295,0.1028,0.1304
86,826,0.6918,182,0.9055,0.1125,0.1475
87,651,0.7457,142,0.9161,0.1014,0.1103
88,722,0.6441,163,0.8316,0.2244,0.213
89,1583,0.7271,339,0.904,0.0982,0.0965
90,605,0.6136,127,0.8089,0.2519,0.2121
91,2105,0.7319,412,0.8822,0.1015,0.1451
92,2211,0.7508,459,0.893,0.163,0.1839
93,777,0.6816,167,0.8608,0.1299,0.1667
94,630,0.73,132,0.9041,0.1517,0.1008
95,729,0.7341,162,0.931,0.0896,0.0955
96,1352,0.7364,270,0.906,0.0979,0.1275
97,599,0.7014,127,0.8944,0.1043,0.1318
98,853,0.6998,189,0.8832,0.1618,0.1582
99,1198,0.7204,244,0.9104,0.1356,0.17
100,585,0.6826,126,0.8456,0.2194,0.1724
101,868,0.6889,178,0.8725,0.0839,0.1484
102,1063,0.6854,229,0.9016,0.1411,0.162
103,771,0.7343,161,0.9306,0.0664,0.0994
104,1228,0.7331,240,0.8889,0.1514,0.1881
105,917,0.736,184,0.8889,0.1489,0.172
106,1061,0.7906,224,0.9256,0.1226,0.1167
107,712,0.6967,135,0.871,0.1633,0.1806
108,717,0.7862,145,0.9236,0.0878,0.1145
109,1174,0.6419,255,0.807,0.2285,0.1833
110,706,0.673,130,0.7784,0.3058,0.2296
111,1096,0.7948,213,0.9552,0.0619,0.075
112,832,0.7148,170,0.8718,0.1472,0.1446
113,1585,0.7358,335,0.9153,0.1008,0.1067
114,1140,0.7156,233,0.8535,0.2169,0.1524
115,1162,0.7285,237,0.8587,0.2161,0.1739
116,635,0.6925,136,0.8344,0.2481,0.1905
117,681,0.7652,128,0.9143,0.0952,0.088
118,1120,0.7938,213,0.9467,0.059,0.058
119,898,0.6531,166,0.7615,0.3354,0.2485
120,1026,0.6641,207,0.8182,0.2188,0.2233
121,1516,0.7257,285,0.8769,0.1818,0.1801
122,727,0.7219,151,0.8935,0.1074,0.1419
123,673,0.7835,141,0.9338,0.0808,0.0438
124,1559,0.7109,320,0.8864,0.1497,0.1439
125,636,0.7106,134,0.8933,0.0619,0.1348
126,688,0.7602,143,0.9346,0.0788,0.0846
127,1080,0.75,224,0.9333,0.0423,0.1162
128,741,0.7759,139,0.9329,0.1206,0.1367
129,1226,0.8039,221,0.9485,0.0664,0.0889
130,1286,0.7459,267,0.9239,0.0759,0.1111
131,679,0.7494,128,0.8707,0.1784,0.1239
132,892,0.7496,171,0.9144,0.0769,0.1282
133,881,0.7342,177,0.9124,0.0945,0.122
134,1573,0.8042,277,0.9519,0.1044,0.1333
135,1144,0.7745,246,0.9389,0.0517,0.0563
136,1630,0.8441,337,0.9413,0.0861,0.098
137,1320,0.7504,279,0.9088,0.1111,0.136
138,759,0.7761,152,0.9212,0.0826,0.0809
139,832,0.7409,181,0.9282,0.1379,0.16
140,667,0.7614,146,0.9481,0.067,0.0571
141,1297,0.5731,251,0.6915,0.3837,0.3048
142,735,0.7432,151,0.8935,0.1631,0.1203
143,1165,0.7295,237,0.9405,0.0538,0.1096
144,1201,0.7377,248,0.8953,0.1381,0.1321
145,1833,0.6834,386,0.7894,0.2022,0.1891
146,790,0.7996,167,0.9598,0.0548,0.0977
147,937,0.7401,190,0.9268,0.0854,0.0838
148,1343,0.6991,288,0.8916,0.1146,0.1196
149,1640,0.6929,342,0.8593,0.1976,0.1672
150,727,0.5257,150,0.6637,0.4236,0.3128
151,632,0.729,139,0.9392,0.1371,0.1486
152,591,0.6824,131,0.8562,0.2165,0.1983
153,717,0.7057,165,0.9016,0.0803,0.125
154,959,0.702,194,0.8981,0.0682,0.1089
155,862,0.6352,183,0.7787,0.3,0.2356
156,998,0.695,215,0.8532,0.1983,0.1616
157,624,0.7564,137,0.9448,0.0796,0.0769
158,580,0.6682,120,0.8219,0.1826,0.1538
159,1281,0.7266,287,0.9169,0.0635,0.0889
160,1842,0.7093,334,0.8288,0.2716,0.2099
161,707,0.6695,149,0.8371,0.1685,0.1935
162,635,0.7542,137,0.9013,0.1531,0.1168
163,1009,0.8104,201,0.9136,0.119,0.1039
164,1008,0.6324,210,0.7636,0.3074,0.2533
165,1002,0.6018,199,0.737,0.3636,0.3166
166,968,0.6746,190,0.8333,0.2236,0.2331
167,1777,0.6584,363,0.8157,0.2472,0.233
168,887,0.7223,196,0.9159,0.0943,0.0918
169,1032,0.7098,228,0.8941,0.0945,0.119
170,828,0.752,161,0.8846,0.1796,0.1554
171,775,0.6507,144,0.7869,0.3333,0.2595
172,700,0.6604,146,0.7978,0.2886,0.2264
173,785,0.7469,157,0.9128,0.0856,0.0872
174,614,0.656,133,0.8636,0.1928,0.1688
175,1077,0.7072,219,0.8866,0.1064,0.1567
176,1459,0.779,275,0.9167,0.1013,0.1256
177,990,0.8155,194,0.951,0.121,0.1159
178,672,0.7715,138,0.9262,0.051,0.0413
179,1175,0.7756,231,0.913,0.0483,0.1128
180,664,0.6776,131,0.8239,0.2185,0.1633
181,1449,0.7363,281,0.8978,0.1204,0.1696
182,1541,0.692,323,0.8777,0.1538,0.1825
183,750,0.7538,135,0.906,0.0571,0.1061
184,635,0.7249,135,0.9,0.0818,0.1901
185,1468,0.8261,282,0.94,0.0815,0.0783
186,813,0.6642,164,0.8454,0.1538,0.184
187,858,0.6687,168,0.8,0.2883,0.2203
188,668,0.7017,132,0.8684,0.2162,0.1586
189,607,0.5934,123,0.711,0.3852,0.2778
190,801,0.712,145,0.8683,0.1667,0.1319
191,1748,0.7179,329,0.8704,0.1784,0.1939
192,786,0.6512,165,0.8128,0.3018,0.2487
193,1740,0.8011,363,0.9478,0.0756,0.0996
194,2180,0.7665,420,0.917,0.1046,0.097
195,1324,0.7618,278,0.9205,0.1,0.1065
196,2139,0.7503,430,0.9149,0.0658,0.1341
197,784,0.6988,166,0.9171,0.0943,0.1273
198,931,0.7058,195,0.8369,0.2507,0.2062
199,1472,0.7184,308,0.8627,0.1679,0.1341
200,792,0.6947,168,0.866,0.1935,0.1716
201,2301,0.8111,475,0.9462,0.0514,0.1031
202,782,0.7001,163,0.8811,0.0943,0.1456
203,712,0.7946,152,0.9325,0.0288,0.1043
204,845,0.6853,178,0.8476,0.2143,0.1667
205,1442,0.6973,306,0.8743,0.1625,0.1723
206,796,0.6617,144,0.7826,0.292,0.2353
207,646,0.6807,130,0.8333,0.2328,0.1745
208,695,0.7158,144,0.9172,0.0891,0.1364
209,741,0.7057,148,0.9136,0.0876,0.125
210,1390,0.6841,265,0.8129,0.2658,0.2056
211,825,0.748,152,0.8941,0.1339,0.1275
212,847,0.6054,180,0.7895,0.3047,0.2389
213,814,0.7812,165,0.9218,0.1223,0.1008
214,388,0.3931,76,0.4663,0.6418,0.6038
215,1137,0.8041,197,0.8955,0.1901,0.1375
216,606,0.6228,127,0.7888,0.1831,0.2581
217,1462,0.8431,285,0.9596,0.0341,0.0804
218,779,0.6949,155,0.847,0.2206,0.1818
219,702,0.6452,153,0.7969,0.2305,0.2075
220,953,0.7685,174,0.9405,0.072,0.093
221,788,0.6611,157,0.8177,0.2614,0.1786
222,2245,0.7941,460,0.9369,0.0533,0.1268
223,1027,0.7284,227,0.9116,0.0912,0.1055
224,1211,0.7498,253,0.9134,0.06,0.0977
225,717,0.7309,146,0.9419,0.1889,0.1321
226,658,0.7511,142,0.9404,0.0731,0.0743
227,982,0.7434,196,0.895,0.0973,0.108
228,1147,0.7151,238,0.9084,0.0559,0.1275
229,748,0.7399,156,0.9231,0.0833,0.0795
230,661,0.7224,142,0.8931,0.1636,0.1124
231,972,0.7541,204,0.9189,0.1316,0.1271
232,725,0.6866,160,0.8696,0.2013,0.1593
233,1347,0.7938,267,0.9468,0.0716,0.0792
234,616,0.6769,127,0.8523,0.211,0.2126
235,1486,0.7327,293,0.8746,0.1919,0.164
236,1998,0.8353,377,0.9449,0.0598,0.0943
237,721,0.755,165,0.9375,0.0763,0.0889
238,1079,0.7436,219,0.8975,0.1375,0.1429
